[
    {
      "name": "Aaga"
    },
    {
      "name": "Aahaar"
    },
    {
      "name": "Aambia"
    },
    {
      "name": "Aamek"
    },
    {
      "name": "Aana"
    },
    {
      "name": "Aanta"
    },
    {
      "name": "Aastha"
    },
    {
      "name": "Aasya"
    },
    {
      "name": "Abhar"
    },
    {
      "name": "Aawet"
    },
    {
      "name": "Acchwan"
    },
    {
      "name": "Achal"
    },
    {
      "name": "Adaan"
    },
    {
      "name": "Adhana"
    },
    {
      "name": "Aftali"
    },
    {
      "name": "Agarwal"
    },
    {
      "name": "Agchal"
    },
    {
      "name": "Agnikul"
    },
    {
      "name": "Ahar"
    },
    {
      "name": "Ahawana"
    },
    {
      "name": "Aheer"
    },
    {
      "name": "Aheewaal"
    },
    {
      "name": "Ahiwaal"
    },
    {
      "name": "Ahmana"
    },
    {
      "name": "Airri"
    },
    {
      "name": "Ajar"
    },
    {
      "name": "Alkari"
    },
    {
      "name": "Almeecha"
    },
    {
      "name": "Amarwaal"
    },
    {
      "name": "Ambak"
    },
    {
      "name": "Ambawata"
    },
    {
      "name": "Amir"
    },
    {
      "name": "Amitt"
    },
    {
      "name": "Amni"
    },
    {
      "name": "Amolia"
    },
    {
      "name": "Amrana"
    },
    {
      "name": "Amta"
    },
    {
      "name": "Anandma"
    },
    {
      "name": "Andana"
    },
    {
      "name": "Andarwar"
    },
    {
      "name": "Andoh"
    },
    {
      "name": "Anhya"
    },
    {
      "name": "Anjana"
    },
    {
      "name": "Anolehra"
    },
    {
      "name": "Anta"
    },
    {
      "name": "Antowa"
    },
    {
      "name": "Antu"
    },
    {
      "name": "Aohana"
    },
    {
      "name": "Aptali"
    },
    {
      "name": "Arwaal"
    },
    {
      "name": "Asaria"
    },
    {
      "name": "Asool"
    },
    {
      "name": "Aswaar"
    },
    {
      "name": "Asya"
    },
    {
      "name": "Atala"
    },
    {
      "name": "Athwaal"
    },
    {
      "name": "Athwaar"
    },
    {
      "name": "Atkia"
    },
    {
      "name": "Atlana"
    },
    {
      "name": "Atrusi"
    },
    {
      "name": "Attrie"
    },
    {
      "name": "Auwaal"
    },
    {
      "name": "Awaar"
    },
    {
      "name": "Awana"
    },
    {
      "name": "Awanti"
    },
    {
      "name": "Awer"
    },
    {
      "name": "Awwal"
    },
    {
      "name": "Ayeri"
    },
    {
      "name": "Ayeseriya"
    },
    {
      "name": "Aswaal"
    },
    {
      "name": "Andwana"
    },
    {
      "name": "Andwad"
    },
    {
      "name": "Ahir"
    },
    {
      "name": "aawana"
    },
    {
      "name": "Ahiwal"
    },
    {
      "name": "Amerwal"
    },
    {
      "name": "Amarwal"
    },
    {
      "name": "Atkiya"
    },
    {
      "name": "Aswar"
    },
    {
      "name": "Almicha"
    },
    {
      "name": "Annadma"
    },
    {
      "name": "Andow"
    },
    {
      "name": "Amelia"
    },
    {
      "name": "Anolehrra"
    },
   
   
    {
      "name": "Baadsoya"
    },
    {
      "name": "Baalsi"
    },
    {
      "name": "Baanar"
    },
    {
      "name": "Baanja"
    },
    {
      "name": "Baankar"
    },
    {
      "name": "Baanth"
    },
    {
      "name": "Baarat"
    },
    {
      "name": "Baarsi"
    },
    {
      "name": "Baaru"
    },
    {
      "name": "Babaniyan"
    },
    {
      "name": "Babar"
    },
    {
      "name": "Babeli"
    },
    {
      "name": "Baben"
    },
    {
      "name": "Badaankhail"
    },
    {
      "name": "Badaanzaiin"
    },
    {
      "name": "Badi"
    },
    {
      "name": "Badiyawal"
    },
    {
      "name": "Bag"
    },
    {
      "name": "Bagada"
    },
    {
      "name": "Bagadi"
    },
    {
      "name": "Bagadwal"
    },
    {
      "name": "Bagela"
    },
    {
      "name": "Baghaar"
    },
    {
      "name": "Baghdab"
    },
    {
      "name": "Baghela"
    },
    {
      "name": "Baghran"
    },
    {
      "name": "Bagri"
    },
    {
      "name": "Bagwar"
    },
    {
      "name": "Bahambar"
    },
    {
      "name": "Baharoj"
    },
    {
      "name": "Baharwaal"
    },
    {
      "name": "Bahhoja"
    },
    {
      "name": "Baila"
    },
    {
      "name": "Bairpur"
    },
    {
      "name": "Bajaad"
    },
    {
      "name": "Bajar"
    },
    {
      "name": "Bajran"
    },
    {
      "name": "Bakar"
    },
    {
      "name": "Bakarwal"
    },
    {
      "name": "Bakkhan"
    },
    {
      "name": "Bakwal"
    },
    {
      "name": "Bala"
    },
    {
      "name": "Balana"
    },
    {
      "name": "Balasia"
    },
    {
      "name": "Baloch"
    },
    {
      "name": "Balot"
    },
    {
      "name": "Balsi"
    },
    {
      "name": "Balsiya"
    },
    {
      "name": "Bandra"
    },
    {
      "name": "Bania"
    },
    {
      "name": "Banian"
    },
    {
      "name": "Banja"
    },
    {
      "name": "Banjarra"
    },
    {
      "name": "Bankar"
    },
    {
      "name": "Bansal"
    },
    {
      "name": "Bainsla"
    },
    {
      "name": "Banslay"
    },
    {
      "name": "Bansrota"
    },
    {
      "name": "Banth"
    },
    {
      "name": "Barad"
    },
    {
      "name": "Barah"
    },
    {
      "name": "Barasiwala"
    },
    {
      "name": "Barban"
    },
    {
      "name": "Barbara"
    },
    {
      "name": "Barbark"
    },
    {
      "name": "Bargu"
    },
    {
      "name": "Barhela"
    },
    {
      "name": "Barkat"
    },
    {
      "name": "Baro"
    },
    {
      "name": "Barraich"
    },
    {
      "name": "Barsoya"
    },
    {
      "name": "Barwal"
    },
    {
      "name": "Bashia"
    },
    {
      "name": "Basista"
    },
    {
      "name": "Basoya"
    },
    {
      "name": "Baswaal"
    },
    {
      "name": "Batar"
    },
    {
      "name": "Bathaya"
    },
    {
      "name": "Bathoya"
    },
    {
      "name": "Batt"
    },
    {
      "name": "Bawaar"
    },
    {
      "name": "Bawla"
    },
    {
      "name": "Bayle"
    },
    {
      "name": "Baylood"
    },
    {
      "name": "Beeten"
    },
    {
      "name": "Behlot"
    },
    {
      "name": "Belar"
    },
    {
      "name": "Beli"
    },
    {
      "name": "Belu"
    },
    {
      "name": "Bensla"
    },
    {
      "name": "Bentar"
    },
    {
      "name": "Berpur"
    },
    {
      "name": "Bettan"
    },
    {
      "name": "Bhaaru"
    },
    {
      "name": "Bhaarvi"
    },
    {
      "name": "Bhaatiya"
    },
    {
      "name": "Bhadak"
    },
    {
      "name": "Bhadana"
    },
    {
      "name": "Bhadarvia"
    },
    {
      "name": "Bhadoria"
    },
    {
      "name": "Bhagela"
    },
    {
      "name": "Bhagroot"
    },
    {
      "name": "Bhahaloot"
    },
    {
      "name": "Bhahela"
    },
    {
      "name": "Bhaleesar"
    },
    {
      "name": "Bhalot"
    },
    {
      "name": "Bhamer"
    },
    {
      "name": "Bhanbar"
    },
    {
      "name": "Bhanbla"
    },
    {
      "name": "Bhand"
    },
    {
      "name": "Bhansasir"
    },
    {
      "name": "Bharavi"
    },
    {
      "name": "Bhardia"
    },
    {
      "name": "Bhargad"
    },
    {
      "name": "Bhargot"
    },
    {
      "name": "Bharia"
    },
    {
      "name": "Bharo"
    },
    {
      "name": "Bharoya"
    },
    {
      "name": "Bharwal"
    },
    {
      "name": "Bhati"
    },
    {
      "name": "Bhatia"
    },
    {
      "name": "Bhatnia"
    },
    {
      "name": "Bhatria"
    },
    {
      "name": "Bhatti"
    },
    {
      "name": "Bhatwar"
    },
    {
      "name": "Bhedia"
    },
    {
      "name": "Bhedwal"
    },
    {
      "name": "Bhemala"
    },
    {
      "name": "Bhent"
    },
    {
      "name": "Bhmaber"
    },
    {
      "name": "Bhoja"
    },
    {
      "name": "Bhoken"
    },
    {
      "name": "Bhosan"
    },
    {
      "name": "Bhoya"
    },
    {
      "name": "Bhradi"
    },
    {
      "name": "Bhratia"
    },
    {
      "name": "Bhtia"
    },
    {
      "name": "Bhubla"
    },
    {
      "name": "Bhulesar"
    },
    {
      "name": "Bhumbla"
    },
    {
      "name": "Bhunchhor"
    },
    {
      "name": "Bidhuri"
    },
    {
      "name": "Bira"
    },
    {
      "name": "Birana"
    },
    {
      "name": "Birgoojur"
    },
    {
      "name": "Birla"
    },
    {
      "name": "Birputra"
    },
    {
      "name": "Bobda"
    },
    {
      "name": "Bobdiya"
    },
    {
      "name": "Bogar"
    },
    {
      "name": "Bokan"
    },
    {
      "name": "Bokar"
    },
    {
      "name": "Bokra"
    },
    {
      "name": "Bora"
    },
    {
      "name": "Borasi"
    },
    {
      "name": "Boredia"
    },
    {
      "name": "Bosan"
    },
    {
      "name": "Bose"
    },
    {
      "name": "Brora"
    },
    {
      "name": "BudGujjar"
    },
    {
      "name": "Budana"
    },
    {
      "name": "Bundel"
    },
    {
      "name": "Bahardoj"
    },
    {
      "name": "Bhoonchh"
    },
    {
      "name": "Bhamra"
    },
    {
      "name": "Bagar"
    },
    {
      "name": "Baisoya"
    },
    {
      "name": "Bosatta"
    },
    {
      "name": "Besoya"
    },
    {
      "name": "Baloot"
    },
    {
      "name": "Bakhhan"
    },
    {
      "name": "Badgurjar"
    },
    {
      "name": "Barbar"
    },
    {
      "name": "Baharwal"
    },
    {
      "name": "Baswal"
    },
    {
      "name": "Bataar"
    },
    {
      "name": "Bathoia"
    },
    {
      "name": "Bijayran"
    },
    {
      "name": "Bhovia"
    },
   
   
    {
      "name": "Chaap"
    },
    {
      "name": "Chabara"
    },
    {
      "name": "Chad"
    },
    {
      "name": "Chadak"
    },
    {
      "name": "Chahada"
    },
    {
      "name": "Chahadri"
    },
    {
      "name": "Chahadry"
    },
    {
      "name": "Chahar"
    },
    {
      "name": "Chakoor"
    },
    {
      "name": "Chala"
    },
    {
      "name": "Chalachal"
    },
    {
      "name": "Chalok"
    },
    {
      "name": "Chalor"
    },
    {
      "name": "Chalotia"
    },
    {
      "name": "Chalrawa"
    },
    {
      "name": "Chalukya"
    },
    {
      "name": "Chaman"
    },
    {
      "name": "Chanair"
    },
    {
      "name": "Chanana"
    },
    {
      "name": "Chanchi"
    },
    {
      "name": "Chandar"
    },
    {
      "name": "Chandel"
    },
    {
      "name": "Chandela"
    },
    {
      "name": "Chandila"
    },
    {
      "name": "Chandna"
    },
    {
      "name": "Chando"
    },
    {
      "name": "Chandor"
    },
    {
      "name": "Chandra"
    },
    {
      "name": "Chandrawat"
    },
    {
      "name": "Chandyala"
    },
    {
      "name": "Chaneer"
    },
    {
      "name": "Chaneji"
    },
    {
      "name": "Chanet"
    },
    {
      "name": "Channanay"
    },
    {
      "name": "Chanpay"
    },
    {
      "name": "Chappar"
    },
    {
      "name": "Chaprana"
    },
    {
      "name": "Charan"
    },
    {
      "name": "Charlay"
    },
    {
      "name": "Chauhan"
    },
    {
      "name": "Chavhan"
    },
    {
      "name": "Chavinda"
    },
    {
      "name": "Chawara"
    },
    {
      "name": "Chawda"
    },
    {
      "name": "Chawla"
    },
    {
      "name": "Chechi"
    },
    {
      "name": "Chelarwal"
    },
    {
      "name": "Chetrana"
    },
    {
      "name": "Chhachhiyaar"
    },
    {
      "name": "Chhalay"
    },
    {
      "name": "Chhali"
    },
    {
      "name": "Chhalotte"
    },
    {
      "name": "Chhamber"
    },
    {
      "name": "Chhaparwaal"
    },
    {
      "name": "Chhawala"
    },
    {
      "name": "Chhawari"
    },
    {
      "name": "Chhodi"
    },
    {
      "name": "Chhokar"
    },
    {
      "name": "Chhori"
    },
    {
      "name": "Chhotkaana"
    },
    {
      "name": "Chhotkala"
    },
    {
      "name": "Chitnara"
    },
    {
      "name": "Chobra"
    },
    {
      "name": "Chodana"
    },
    {
      "name": "Chodda"
    },
    {
      "name": "Chohar"
    },
    {
      "name": "Chohlay"
    },
    {
      "name": "Cholee"
    },
    {
      "name": "Chondrah"
    },
    {
      "name": "Chopra"
    },
    {
      "name": "Chora"
    },
    {
      "name": "Chowinda"
    },
    {
      "name": "Chohan"
    },
    {
      "name": "Chouhan"
    },
    {
      "name": "GujarChapa"
    },
    {
      "name": "Chokker"
    },
    {
      "name": "chhoker"
    },
    {
      "name": "Chandana"
    },
    {
      "name": "Chap"
    },
    {
      "name": "Char"
    },
    {
      "name": "Chawada"
    },
    {
      "name": "Chhabadi"
    },
    {
      "name": "Chhaparwal"
    },
    {
      "name": "Chhohar"
    },
    {
      "name": "Chhonkar"
    },
    {
      "name": "Chopada"
    },
    {
      "name": "Choras"
    },
    {
      "name": "Chorra"
    },
    {
      "name": "Choudhry"
    },
   
   
    {
      "name": "Daabhi"
    },
    {
      "name": "Dagur"
    },
    {
      "name": "Dahad"
    },
    {
      "name": "Dahal"
    },
    {
      "name": "Dahia"
    },
    {
      "name": "Dahimaor"
    },
    {
      "name": "Daima"
    },
    {
      "name": "Daindi"
    },
    {
      "name": "Daliya"
    },
    {
      "name": "Dami"
    },
    {
      "name": "Dangas"
    },
    {
      "name": "Dangi"
    },
    {
      "name": "Dape"
    },
    {
      "name": "Dargas"
    },
    {
      "name": "Darna"
    },
    {
      "name": "Daryaan"
    },
    {
      "name": "Dasa"
    },
    {
      "name": "Dayama"
    },
    {
      "name": "Dayora"
    },
    {
      "name": "Ded"
    },
    {
      "name": "Dedha"
    },
    {
      "name": "Dedhar"
    },
    {
      "name": "Dedva"
    },
    {
      "name": "Deepe"
    },
    {
      "name": "Deeva"
    },
    {
      "name": "Denda"
    },
    {
      "name": "Dere"
    },
    {
      "name": "Deria"
    },
    {
      "name": "Deshmuk"
    },
    {
      "name": "Devade"
    },
    {
      "name": "Devda"
    },
    {
      "name": "Devdhar"
    },
    {
      "name": "Deyele"
    },
    {
      "name": "Dhadadiya"
    },
    {
      "name": "Dhadak"
    },
    {
      "name": "Dhakar"
    },
    {
      "name": "Dhama"
    },
    {
      "name": "Dhandia"
    },
    {
      "name": "Dhangad"
    },
    {
      "name": "Dhangar"
    },
    {
      "name": "Dhanyak"
    },
    {
      "name": "Dharandia"
    },
    {
      "name": "Dharawata"
    },
    {
      "name": "Dhedar"
    },
    {
      "name": "Dhhao"
    },
    {
      "name": "Dhharwal"
    },
    {
      "name": "Dhind"
    },
    {
      "name": "Dhinda"
    },
    {
      "name": "Dhonana"
    },
    {
      "name": "Dhonchak"
    },
    {
      "name": "Dhond"
    },
    {
      "name": "Dhoyak"
    },
    {
      "name": "Dhoye"
    },
    {
      "name": "Dingay"
    },
    {
      "name": "Dipa"
    },
    {
      "name": "Diya"
    },
    {
      "name": "Doda"
    },
    {
      "name": "Doday"
    },
    {
      "name": "Doga"
    },
    {
      "name": "Dohiya"
    },
    {
      "name": "Doi"
    },
    {
      "name": "Doila"
    },
    {
      "name": "Donk"
    },
    {
      "name": "Dor"
    },
    {
      "name": "Dorata"
    },
    {
      "name": "Doray"
    },
    {
      "name": "Dorelia"
    },
    {
      "name": "Dosod"
    },
    {
      "name": "Dugas"
    },
    {
      "name": "Dund"
    },
    {
      "name": "Daraoti"
    },
    {
      "name": "Dhhinda"
    },
   
   
    {
      "name": "Fagana"
    },
    {
      "name": "Falda"
    },
    {
      "name": "Famada"
    },
    {
      "name": "Fatali"
    },
    {
      "name": "Fatyan"
    },
    {
      "name": "Fawal"
    },
    {
      "name": "Folad"
    },
   
   
    {
      "name": "Gaad"
    },
    {
      "name": "Gaalgal"
    },
    {
      "name": "Gaanghela"
    },
    {
      "name": "Gaathela"
    },
    {
      "name": "Gachalia"
    },
    {
      "name": "Gaddri"
    },
    {
      "name": "Gadi"
    },
    {
      "name": "Gahalot"
    },
    {
      "name": "Gaharwal"
    },
    {
      "name": "Gahinder"
    },
    {
      "name": "Gaigi"
    },
    {
      "name": "Gairathi"
    },
    {
      "name": "Gairr"
    },
    {
      "name": "Gaj"
    },
    {
      "name": "Gajgahi"
    },
    {
      "name": "Galeria"
    },
    {
      "name": "Galoot"
    },
    {
      "name": "Gamti"
    },
    {
      "name": "Gangahala"
    },
    {
      "name": "Gangar"
    },
    {
      "name": "Gangoh"
    },
    {
      "name": "Garahwaal"
    },
    {
      "name": "Gararr"
    },
    {
      "name": "Garasia"
    },
    {
      "name": "Gardi"
    },
    {
      "name": "Garewaal"
    },
    {
      "name": "Gargar"
    },
    {
      "name": "Gari"
    },
    {
      "name": "Garla"
    },
    {
      "name": "Garolia"
    },
    {
      "name": "Garoryar"
    },
    {
      "name": "Gartal"
    },
    {
      "name": "Garwal"
    },
    {
      "name": "Gasetay"
    },
    {
      "name": "Gathela"
    },
    {
      "name": "Geda"
    },
    {
      "name": "Geed"
    },
    {
      "name": "Gehsan"
    },
    {
      "name": "Ghaagal"
    },
    {
      "name": "Ghaakla"
    },
    {
      "name": "Ghabela"
    },
    {
      "name": "Ghagal"
    },
    {
      "name": "Ghaghla"
    },
    {
      "name": "Ghail"
    },
    {
      "name": "Ghalwat"
    },
    {
      "name": "Ghanada"
    },
    {
      "name": "Ghanda"
    },
    {
      "name": "Ghangas"
    },
    {
      "name": "Gharad"
    },
    {
      "name": "Ghararr"
    },
    {
      "name": "Ghariya"
    },
    {
      "name": "Gharwal"
    },
    {
      "name": "Gharya"
    },
    {
      "name": "Ghila"
    },
    {
      "name": "Ghodarop"
    },
    {
      "name": "Ghola"
    },
    {
      "name": "Ghorey"
    },
    {
      "name": "Ghorhaal"
    },
    {
      "name": "Ghorsior"
    },
    {
      "name": "Ghosi"
    },
    {
      "name": "Ghotra"
    },
    {
      "name": "Gidi"
    },
    {
      "name": "Gochana"
    },
    {
      "name": "Godwana"
    },
    {
      "name": "Gogala"
    },
    {
      "name": "Gogi"
    },
    {
      "name": "Gogla"
    },
    {
      "name": "Gohal"
    },
    {
      "name": "Gojar"
    },
    {
      "name": "Gojarwaal"
    },
    {
      "name": "Gola"
    },
    {
      "name": "Gonchal"
    },
    {
      "name": "Gonjal"
    },
    {
      "name": "Goop"
    },
    {
      "name": "Gopia"
    },
    {
      "name": "Gopiliya"
    },
    {
      "name": "Goras"
    },
    {
      "name": "Gorasia"
    },
    {
      "name": "Gorewaha"
    },
    {
      "name": "Gorhaal"
    },
    {
      "name": "Gori"
    },
    {
      "name": "Goria"
    },
    {
      "name": "Goriagorr"
    },
    {
      "name": "Goriya"
    },
    {
      "name": "Gorsi"
    },
    {
      "name": "Gorya"
    },
    {
      "name": "Goryagor"
    },
    {
      "name": "Gosi"
    },
    {
      "name": "Gotalwal"
    },
    {
      "name": "Gotelia"
    },
    {
      "name": "Gugare"
    },
    {
      "name": "Gujal"
    },
    {
      "name": "Gujar"
    },
    {
      "name": "Gujaral"
    },
    {
      "name": "Gujgahiya"
    },
    {
      "name": "Gujjral"
    },
    {
      "name": "Gujral"
    },
    {
      "name": "Gujrik"
    },
    {
      "name": "Gulhat"
    },
    {
      "name": "Gungal"
    },
    {
      "name": "Gurgur"
    },
    {
      "name": "Gurjar"
    },
    {
      "name": "Guroryaar"
    },
    {
      "name": "Gurrla"
    },
    {
      "name": "Gurrsi"
    },
    {
      "name": "Gurtal"
    },
    {
      "name": "Guruchana"
    },
    {
      "name": "Gurus"
    },
    {
      "name": "Guruwal"
    },
    {
      "name": "Gus"
    },
    {
      "name": "Gutar"
    },
    {
      "name": "Gachaliya"
    },
    {
      "name": "Galeeria"
    },
    {
      "name": "Gangal"
    },
    {
      "name": "Garatia"
    },
    {
      "name": "Gaseetay"
    },
    {
      "name": "Ghaghala"
    },
    {
      "name": "Ghoraroop"
    },
   
   
    {
      "name": "Hadava"
    },
    {
      "name": "Hakla"
    },
    {
      "name": "Hakum"
    },
    {
      "name": "Hanana"
    },
    {
      "name": "Haral"
    },
    {
      "name": "Harsana"
    },
    {
      "name": "Harshal"
    },
    {
      "name": "Harsi"
    },
    {
      "name": "Hathwal"
    },
    {
      "name": "Hathwan"
    },
    {
      "name": "Hun"
    },
    {
      "name": "Harshana"
    },
   
   
    {
      "name": "Itwar"
    },
   
   
    {
      "name": "Jabarhera"
    },
    {
      "name": "Jabli"
    },
    {
      "name": "Jagadnia"
    },
    {
      "name": "Jagal"
    },
    {
      "name": "Jahial"
    },
    {
      "name": "Jalay"
    },
    {
      "name": "Jangada"
    },
    {
      "name": "Jangal"
    },
    {
      "name": "Jangee"
    },
    {
      "name": "Jarija"
    },
    {
      "name": "Jatal"
    },
    {
      "name": "Jatala"
    },
    {
      "name": "Jatu"
    },
    {
      "name": "Javkhed"
    },
    {
      "name": "Jawara"
    },
    {
      "name": "Jhabam"
    },
    {
      "name": "Jhala"
    },
    {
      "name": "Jhale"
    },
    {
      "name": "Jhar"
    },
    {
      "name": "Jhavana"
    },
    {
      "name": "Jhavari"
    },
    {
      "name": "Jhir"
    },
    {
      "name": "Jhonia"
    },
    {
      "name": "Jihaja"
    },
    {
      "name": "Jindar"
    },
    {
      "name": "Jindhad"
    },
    {
      "name": "Johia"
    },
    {
      "name": "Jori"
    },
    {
      "name": "Jovar"
    },
    {
      "name": "Joya"
    },
    {
      "name": "Junjuhia"
    },
    {
      "name": "Jusat"
    },
   
   
    {
      "name": "Kaad"
    },
    {
      "name": "Kaadgiya"
    },
    {
      "name": "Kaanbees"
    },
    {
      "name": "Kaanhia"
    },
    {
      "name": "Kaanp"
    },
    {
      "name": "Kaanwar"
    },
    {
      "name": "Kaarele"
    },
    {
      "name": "Kaba"
    },
    {
      "name": "Kachar"
    },
    {
      "name": "Kachwaha"
    },
    {
      "name": "Kadwa"
    },
    {
      "name": "Kahari"
    },
    {
      "name": "Kahoor"
    },
    {
      "name": "Kaira"
    },
    {
      "name": "Kajar"
    },
    {
      "name": "Kalach"
    },
    {
      "name": "Kalas"
    },
    {
      "name": "Kalisiyan"
    },
    {
      "name": "Kaliyana"
    },
    {
      "name": "Kallamor"
    },
    {
      "name": "Kalmoa"
    },
    {
      "name": "Kalumba"
    },
    {
      "name": "Kamard"
    },
    {
      "name": "Kanaaraa"
    },
    {
      "name": "Kandjoliya"
    },
    {
      "name": "Kangas"
    },
    {
      "name": "Kanhaaya"
    },
    {
      "name": "Kanhaiya"
    },
    {
      "name": "Kanhav"
    },
    {
      "name": "Kansana"
    },
    {
      "name": "Kanwar"
    },
    {
      "name": "Kapasiya"
    },
    {
      "name": "Karaadi"
    },
    {
      "name": "Karaha"
    },
    {
      "name": "Karak"
    },
    {
      "name": "Karas"
    },
    {
      "name": "Karhana"
    },
    {
      "name": "Karida"
    },
    {
      "name": "Karnana"
    },
    {
      "name": "karode"
    },
    {
      "name": "Karolia"
    },
    {
      "name": "Kasana"
    },
    {
      "name": "Kashay"
    },
    {
      "name": "Kashiyaab"
    },
    {
      "name": "Kasira"
    },
    {
      "name": "Katari"
    },
    {
      "name": "Kataria"
    },
    {
      "name": "Kataro"
    },
    {
      "name": "Kathele"
    },
    {
      "name": "Katheria"
    },
    {
      "name": "Katra"
    },
    {
      "name": "Kaura"
    },
    {
      "name": "Kawakalmohaya"
    },
    {
      "name": "Kayosar"
    },
    {
      "name": "Kazar"
    },
    {
      "name": "Kechhabro"
    },
    {
      "name": "Kechi"
    },
    {
      "name": "Keejar"
    },
    {
      "name": "Keethhar"
    },
    {
      "name": "Kele"
    },
    {
      "name": "Kera"
    },
    {
      "name": "Kerahna"
    },
    {
      "name": "Kesaria"
    },
    {
      "name": "Kethar"
    },
    {
      "name": "Kethwal"
    },
    {
      "name": "Khadan"
    },
    {
      "name": "Khadwa"
    },
    {
      "name": "Khadwar"
    },
    {
      "name": "Khaila"
    },
    {
      "name": "Khaingar"
    },
    {
      "name": "Khajar"
    },
    {
      "name": "Khana"
    },
    {
      "name": "Khapad"
    },
    {
      "name": "Khar"
    },
    {
      "name": "Kharal"
    },
    {
      "name": "Kharay"
    },
    {
      "name": "Kharhud"
    },
    {
      "name": "Khari"
    },
    {
      "name": "Khariyo"
    },
    {
      "name": "Kharol"
    },
    {
      "name": "Kharra"
    },
    {
      "name": "Kharsana"
    },
    {
      "name": "Kharwa"
    },
    {
      "name": "Kharwara"
    },
    {
      "name": "Khatana"
    },
    {
      "name": "Khatra"
    },
    {
      "name": "Khatri"
    },
    {
      "name": "Khedva"
    },
    {
      "name": "Kheela"
    },
    {
      "name": "Khepar"
    },
    {
      "name": "Khera"
    },
    {
      "name": "Kherodiya"
    },
    {
      "name": "Khichi"
    },
    {
      "name": "Khinchi"
    },
    {
      "name": "Khiroriya"
    },
    {
      "name": "Khjad"
    },
    {
      "name": "Khokhhar"
    },
    {
      "name": "Kholwad"
    },
    {
      "name": "Khubad"
    },
    {
      "name": "Kodar"
    },
    {
      "name": "Kode"
    },
    {
      "name": "Kohal"
    },
    {
      "name": "Kohli"
    },
    {
      "name": "Kondkher"
    },
    {
      "name": "Kool"
    },
    {
      "name": "Kori"
    },
    {
      "name": "Koshak"
    },
    {
      "name": "Koshani"
    },
    {
      "name": "Koshiliya"
    },
    {
      "name": "Kotari"
    },
    {
      "name": "Kotowal"
    },
    {
      "name": "Kugsawar"
    },
    {
      "name": "Kukad"
    },
    {
      "name": "Kukaswal"
    },
    {
      "name": "Kulyana"
    },
    {
      "name": "Kunbi"
    },
    {
      "name": "Kundwana"
    },
    {
      "name": "Kurach"
    },
    {
      "name": "Kurad"
    },
    {
      "name": "Kusal"
    },
    {
      "name": "Kushan"
    },
    {
      "name": "Kuvadia"
    },
    {
      "name": "Koli"
    },
    {
      "name": "Kugaswal"
    },
    {
      "name": "Kapasia"
    },
   
   
    {
      "name": "Laadi"
    },
    {
      "name": "Laday"
    },
    {
      "name": "Lahsar"
    },
    {
      "name": "Lakhad"
    },
    {
      "name": "Lakhanrai"
    },
    {
      "name": "Lakra"
    },
    {
      "name": "Lali"
    },
    {
      "name": "Lamboor"
    },
    {
      "name": "Lamdadiya"
    },
    {
      "name": "Lanbarray"
    },
    {
      "name": "Lanborr"
    },
    {
      "name": "Langha"
    },
    {
      "name": "Lantay"
    },
    {
      "name": "Laria"
    },
    {
      "name": "Latala"
    },
    {
      "name": "Lauka"
    },
    {
      "name": "Lawada"
    },
    {
      "name": "Leaua"
    },
    {
      "name": "Leel"
    },
    {
      "name": "Letria"
    },
    {
      "name": "Liarri"
    },
    {
      "name": "Liasia"
    },
    {
      "name": "Ligree"
    },
    {
      "name": "Likhwahan"
    },
    {
      "name": "Loddishria"
    },
    {
      "name": "Lodhi"
    },
    {
      "name": "Lohar"
    },
    {
      "name": "Lohda"
    },
    {
      "name": "Lohia"
    },
    {
      "name": "Lohmoda"
    },
    {
      "name": "Lohmor"
    },
    {
      "name": "Lomwar"
    },
    {
      "name": "Londari"
    },
    {
      "name": "Lore"
    },
    {
      "name": "Losar"
    },
    {
      "name": "Lukhhar"
    },
    {
      "name": "Lumbar"
    },
    {
      "name": "Lushar"
    },
    {
      "name": "Luwa"
    },
    {
      "name": "Lomod"
    },
    {
      "name": "Loriya"
    },
   
   
    {
      "name": "Maal"
    },
    {
      "name": "Madaad"
    },
    {
      "name": "Madar"
    },
    {
      "name": "Madhhar"
    },
    {
      "name": "Madi"
    },
    {
      "name": "Madricha"
    },
    {
      "name": "Mahangal"
    },
    {
      "name": "Mahar"
    },
    {
      "name": "Mahaysi"
    },
    {
      "name": "Mahlo"
    },
    {
      "name": "Mahrane"
    },
    {
      "name": "Maitrak"
    },
    {
      "name": "Makaat"
    },
    {
      "name": "Makad"
    },
    {
      "name": "Makara"
    },
    {
      "name": "Makaria"
    },
    {
      "name": "Makati"
    },
    {
      "name": "Makha"
    },
    {
      "name": "Makhwane"
    },
    {
      "name": "Malani"
    },
    {
      "name": "Mali"
    },
    {
      "name": "Maliawat"
    },
    {
      "name": "Malik"
    },
    {
      "name": "Malkana"
    },
    {
      "name": "Mamdot"
    },
    {
      "name": "Mamian"
    },
    {
      "name": "Mana"
    },
    {
      "name": "Mangria"
    },
    {
      "name": "Manihar"
    },
    {
      "name": "Mankas-Mandhari"
    },
    {
      "name": "Maradi"
    },
    {
      "name": "Mareeda"
    },
    {
      "name": "Mari"
    },
    {
      "name": "Marro"
    },
    {
      "name": "Mashkie"
    },
    {
      "name": "Mattrik"
    },
    {
      "name": "Maval"
    },
    {
      "name": "Mavi"
    },
    {
      "name": "Mawai"
    },
    {
      "name": "Media"
    },
    {
      "name": "Meed"
    },
    {
      "name": "Meelu"
    },
    {
      "name": "Meer"
    },
    {
      "name": "Meerway"
    },
    {
      "name": "Mehar"
    },
    {
      "name": "Mehluor"
    },
    {
      "name": "Mianna"
    },
    {
      "name": "Mirwani"
    },
    {
      "name": "Moheelu"
    },
    {
      "name": "Mokati"
    },
    {
      "name": "Monan"
    },
    {
      "name": "Moola"
    },
    {
      "name": "Mori"
    },
    {
      "name": "Morsi"
    },
    {
      "name": "Motale"
    },
    {
      "name": "Motan"
    },
    {
      "name": "Motay"
    },
    {
      "name": "Mothsar"
    },
    {
      "name": "Motla"
    },
    {
      "name": "Mott"
    },
    {
      "name": "Mudail"
    },
    {
      "name": "Muharsang"
    },
    {
      "name": "Mukhia"
    },
    {
      "name": "Munan"
    },
    {
      "name": "Mundal"
    },
    {
      "name": "Mundan"
    },
    {
      "name": "Mundhhar"
    },
    {
      "name": "Muniya"
    },
    {
      "name": "Munreera"
    },
    {
      "name": "Muthsaray"
    },
    {
      "name": "Mahil"
    },
   
   
    {
      "name": "Nadva"
    },
    {
      "name": "Nagar"
    },
    {
      "name": "Naharkhu"
    },
    {
      "name": "Nakaya"
    },
    {
      "name": "Nakdia"
    },
    {
      "name": "Nakhadar"
    },
    {
      "name": "Nalia"
    },
    {
      "name": "Nalwa"
    },
    {
      "name": "Nanda"
    },
    {
      "name": "Nandot"
    },
    {
      "name": "Nandwasia"
    },
    {
      "name": "Nangde"
    },
    {
      "name": "Napsak"
    },
    {
      "name": "Narara"
    },
    {
      "name": "Narolia"
    },
    {
      "name": "Navadia"
    },
    {
      "name": "Neemar"
    },
    {
      "name": "Neesiak"
    },
    {
      "name": "Nekadi"
    },
    {
      "name": "Nihad"
    },
    {
      "name": "Nikumbh"
    },
    {
      "name": "Nimad"
    },
    {
      "name": "Nimbol"
    },
    {
      "name": "Nitad"
    },
    {
      "name": "Nogiye"
    },
    {
      "name": "Noon"
    },
    {
      "name": "Nooray"
    },
    {
      "name": "Naagar"
    },
    {
      "name": "Nagadi"
    },
    {
      "name": "Nooniara"
    },
   
   
    {
      "name": "Ogar"
    },
    {
      "name": "Ohar"
    },
    {
      "name": "Omar"
    },
    {
      "name": "Onata"
    },
    {
      "name": "Ood"
    },
    {
      "name": "Oswal"
    },
    {
      "name": "Othha"
    },
   
   
    {
      "name": "Paaincha"
    },
    {
      "name": "Pabiya"
    },
    {
      "name": "Padana"
    },
    {
      "name": "Padatu"
    },
    {
      "name": "Padhekar"
    },
    {
      "name": "Padiaar"
    },
    {
      "name": "Pagna"
    },
    {
      "name": "Pahhocha"
    },
    {
      "name": "Pahmala"
    },
    {
      "name": "Palampuria"
    },
    {
      "name": "Palash"
    },
    {
      "name": "Palwan"
    },
    {
      "name": "Pamad"
    },
    {
      "name": "Pamar"
    },
    {
      "name": "Panchali"
    },
    {
      "name": "Pandar"
    },
    {
      "name": "Pandh"
    },
    {
      "name": "Panhwar"
    },
    {
      "name": "Panwar"
    },
    {
      "name": "Parihar"
    },
    {
      "name": "Parmar"
    },
    {
      "name": "Partele"
    },
    {
      "name": "Partihar"
    },
    {
      "name": "Paryag"
    },
    {
      "name": "Paswal"
    },
    {
      "name": "Patao"
    },
    {
      "name": "Patel"
    },
    {
      "name": "Pathalia"
    },
    {
      "name": "Patil"
    },
    {
      "name": "Patta"
    },
    {
      "name": "Pattidar"
    },
    {
      "name": "Paud"
    },
    {
      "name": "Pavsia"
    },
    {
      "name": "Pawad"
    },
    {
      "name": "Pawar"
    },
    {
      "name": "Payale"
    },
    {
      "name": "Peelbaar"
    },
    {
      "name": "Peelwan"
    },
    {
      "name": "Pesar"
    },
    {
      "name": "Phadiana"
    },
    {
      "name": "Phagna"
    },
    {
      "name": "Phaleesar"
    },
    {
      "name": "Phalharr"
    },
    {
      "name": "Phaloot"
    },
    {
      "name": "Phambarra"
    },
    {
      "name": "Phambra"
    },
    {
      "name": "Pholarra"
    },
    {
      "name": "Phoolra"
    },
    {
      "name": "Pipalnaria"
    },
    {
      "name": "Piswal"
    },
    {
      "name": "Podat"
    },
    {
      "name": "Pojay"
    },
    {
      "name": "Pokhar"
    },
    {
      "name": "Polot"
    },
    {
      "name": "Poni"
    },
    {
      "name": "Poorr"
    },
    {
      "name": "Poras"
    },
    {
      "name": "Poraswal"
    },
    {
      "name": "Porvia"
    },
    {
      "name": "Poswal"
    },
    {
      "name": "Poswalya"
    },
    {
      "name": "Pouni"
    },
    {
      "name": "Puar"
    },
    {
      "name": "Punblay"
    },
    {
      "name": "Pundir"
    },
    {
      "name": "Puswadia"
    },
    {
      "name": "Poshwal"
    },
    {
      "name": "Puswal"
    },
    {
      "name": "Pasval"
    },
   
   
    {
      "name": "Qachar"
    },
    {
      "name": "Qazar"
    },
   
   
    {
      "name": "Radak"
    },
    {
      "name": "Ragal"
    },
    {
      "name": "Raggal"
    },
    {
      "name": "Raghav"
    },
    {
      "name": "Raiya"
    },
    {
      "name": "Rajoria"
    },
    {
      "name": "Rajput"
    },
    {
      "name": "Ralitay"
    },
    {
      "name": "Rana"
    },
    {
      "name": "Ranghad"
    },
    {
      "name": "Rankiya"
    },
    {
      "name": "Raonaso"
    },
    {
      "name": "Ratala"
    },
    {
      "name": "Rathi"
    },
    {
      "name": "Rathore"
    },
    {
      "name": "Ratia"
    },
    {
      "name": "Rawal"
    },
    {
      "name": "Rawat"
    },
    {
      "name": "Rewa"
    },
    {
      "name": "Rexwal"
    },
    {
      "name": "Reyana"
    },
    {
      "name": "Rianrana"
    },
    {
      "name": "Rind"
    },
    {
      "name": "Romat"
    },
    {
      "name": "Rosa"
    },
    {
      "name": "Roushe"
    },
    {
      "name": "Rovisay"
    },
    {
      "name": "Roviseiya"
    },
    {
      "name": "Runaso"
    },
    {
      "name": "Rathor"
    },
    {
      "name": "Renkne"
    },
   
   
    {
      "name": "Saak"
    },
    {
      "name": "Sagar"
    },
    {
      "name": "Sahanpaal"
    },
    {
      "name": "Sailaher"
    },
    {
      "name": "Sak"
    },
    {
      "name": "Sakehale"
    },
    {
      "name": "Sakhura"
    },
    {
      "name": "Salimania"
    },
    {
      "name": "Sama"
    },
    {
      "name": "Samosrya"
    },
    {
      "name": "Sampaal"
    },
    {
      "name": "Sanado"
    },
    {
      "name": "Sangam"
    },
    {
      "name": "Sango"
    },
    {
      "name": "Sangrana"
    },
    {
      "name": "Sangricha"
    },
    {
      "name": "Sangu"
    },
    {
      "name": "Sania"
    },
    {
      "name": "Sanowla"
    },
    {
      "name": "Sapra"
    },
    {
      "name": "Sarandana"
    },
    {
      "name": "Sarara"
    },
    {
      "name": "Sarawiya"
    },
    {
      "name": "Sarimal"
    },
    {
      "name": "Sardana"
    },
    {
      "name": "Sasodi"
    },
    {
      "name": "Seagal"
    },
    {
      "name": "Sehar"
    },
    {
      "name": "Serada"
    },
    {
      "name": "SetarSuryavansh"
    },
    {
      "name": "Shahwla"
    },
    {
      "name": "Sharimal"
    },
    {
      "name": "ShukalSi"
    },
    {
      "name": "Shukkal"
    },
    {
      "name": "Sial"
    },
    {
      "name": "Simal"
    },
    {
      "name": "Sindgav"
    },
    {
      "name": "Singal"
    },
    {
      "name": "Sinora"
    },
    {
      "name": "Siradhna"
    },
    {
      "name": "Siroh"
    },
    {
      "name": "Sirwaria"
    },
    {
      "name": "Sisodia"
    },
    {
      "name": "Sisood"
    },
    {
      "name": "Soie"
    },
    {
      "name": "Solanki"
    },
    {
      "name": "Sonigar"
    },
    {
      "name": "Sood"
    },
    {
      "name": "Sooderpuriay"
    },
    {
      "name": "Sooja"
    },
    {
      "name": "Sorath"
    },
    {
      "name": "Sradhana"
    },
    {
      "name": "Sua"
    },
    {
      "name": "Suddhan"
    },
    {
      "name": "Suhoos"
    },
    {
      "name": "Sundhal"
    },
    {
      "name": "SurkiSurwale"
    },
    {
      "name": "Suthan"
    },
    {
      "name": "Saramdana"
    },
    {
      "name": "Sorathh"
    },
    {
      "name": "Sudan"
    },
   
   
    {
      "name": "Taak"
    },
    {
      "name": "Taamar"
    },
    {
      "name": "Taanwar"
    },
    {
      "name": "Taas"
    },
    {
      "name": "Tagaar"
    },
    {
      "name": "Tak"
    },
    {
      "name": "Takshak"
    },
    {
      "name": "Takyak"
    },
    {
      "name": "Taldara"
    },
    {
      "name": "Tale"
    },
    {
      "name": "Tanak"
    },
    {
      "name": "Tanbali"
    },
    {
      "name": "Tang"
    },
    {
      "name": "Tangad"
    },
    {
      "name": "Tanija"
    },
    {
      "name": "Tanik"
    },
    {
      "name": "Tank"
    },
    {
      "name": "Tanoor"
    },
    {
      "name": "Tantiya"
    },
    {
      "name": "Tanwar"
    },
    {
      "name": "Tarak"
    },
    {
      "name": "Tatarra"
    },
    {
      "name": "Tatwadia"
    },
    {
      "name": "Tawar"
    },
    {
      "name": "Teda"
    },
    {
      "name": "Tedga"
    },
    {
      "name": "Tedwa"
    },
    {
      "name": "Tekhan"
    },
    {
      "name": "Tekia"
    },
    {
      "name": "Teli"
    },
    {
      "name": "Tephali"
    },
    {
      "name": "Terrowa"
    },
    {
      "name": "Tetrawal"
    },
    {
      "name": "Tewad"
    },
    {
      "name": "Thaakaria"
    },
    {
      "name": "Thag"
    },
    {
      "name": "Thakar"
    },
    {
      "name": "Thakari"
    },
    {
      "name": "Thakaria"
    },
    {
      "name": "Thakia"
    },
    {
      "name": "Thala"
    },
    {
      "name": "Theckari"
    },
    {
      "name": "Theekla"
    },
    {
      "name": "Thekaria"
    },
    {
      "name": "Thenda"
    },
    {
      "name": "Thoda"
    },
    {
      "name": "Thole"
    },
    {
      "name": "Thor"
    },
    {
      "name": "Thurgla"
    },
    {
      "name": "Tikiya"
    },
    {
      "name": "Tintary"
    },
    {
      "name": "Tobad"
    },
    {
      "name": "Todia"
    },
    {
      "name": "Todiwal"
    },
    {
      "name": "Togaru"
    },
    {
      "name": "Tokar"
    },
    {
      "name": "Tomaror"
    },
    {
      "name": "Tongar"
    },
    {
      "name": "Tonk"
    },
    {
      "name": "Tonkan"
    },
    {
      "name": "Toor"
    },
    {
      "name": "Toori"
    },
    {
      "name": "Topa"
    },
    {
      "name": "Tour"
    },
    {
      "name": "Tunga"
    },
    {
      "name": "Tomar"
    },
    {
      "name": "Tuar"
    },
    {
      "name": "Tihala"
    },
    {
      "name": "Tampali"
    },
   
   
    {
      "name": "Uplan"
    },
   
   
    {
      "name": "Vadher"
    },
    {
      "name": "Vaghela"
    },
    {
      "name": "Vahgri"
    },
    {
      "name": "Vania"
    },
    {
      "name": "Varma"
    },
    {
      "name": "Vasoya"
    },
    {
      "name": "Vasth"
    },
    {
      "name": "Veergurjar"
    },
    {
      "name": "Vihun"
    },
    {
      "name": "Vikal"
    },
    {
      "name": "Virana"
    },
    {
      "name": "Virdee"
    },
    {
      "name": "Visgorus"
    },
    {
      "name": "Vokkan"
    },
    {
      "name": "Verma"
    },
    {
      "name": "Virdi"
    },
    {
      "name": "Zingta"
    },
    {
      "name": "Zinta"
    }
  ]